<?xml version="1.0" encoding="UTF-8"?>
<node>
<version>6</version>
<dict>
  <key>title</key><string>metasploit</string>
  <key>nodeid</key><string>bed21227-b308-42ad-bab6-567edb7c1236</string>
  <key>modified_time</key><integer>1590088267</integer>
  <key>version</key><integer>6</integer>
  <key>content_type</key><string>text/xhtml+xml</string>
  <key>created_time</key><integer>1587112786</integer>
  <key>info_sort_dir</key><integer>1</integer>
  <key>order</key><integer>21</integer>
  <key>info_sort</key><string>order</string>
</dict>
</node>
