<?xml version="1.0" encoding="UTF-8"?>
<node>
<version>6</version>
<dict>
  <key>title</key><string>windows FTP file transfer</string>
  <key>nodeid</key><string>6c7db7a9-3ffd-4b00-815f-9e51040e0ffc</string>
  <key>modified_time</key><integer>1587493200</integer>
  <key>version</key><integer>6</integer>
  <key>content_type</key><string>text/xhtml+xml</string>
  <key>created_time</key><integer>1587492741</integer>
  <key>info_sort_dir</key><integer>1</integer>
  <key>order</key><integer>26</integer>
  <key>info_sort</key><string>order</string>
</dict>
</node>
