<?xml version="1.0" encoding="UTF-8"?>
<node>
<version>6</version>
<dict>
  <key>title</key><string>sql injection</string>
  <key>nodeid</key><string>f7068668-08a1-4c88-9e8c-782dcc447ddc</string>
  <key>modified_time</key><integer>1587036777</integer>
  <key>version</key><integer>6</integer>
  <key>content_type</key><string>text/xhtml+xml</string>
  <key>created_time</key><integer>1587034196</integer>
  <key>info_sort_dir</key><integer>1</integer>
  <key>order</key><integer>19</integer>
  <key>info_sort</key><string>order</string>
</dict>
</node>
