<?xml version="1.0" encoding="UTF-8"?>
<node>
<version>6</version>
<dict>
  <key>title</key><string>Trash</string>
  <key>nodeid</key><string>246b130f-6e48-47f8-a4e6-f94cbbd5b35a</string>
  <key>modified_time</key><integer>1586506604</integer>
  <key>version</key><integer>6</integer>
  <key>content_type</key><string>application/x-notebook-trash</string>
  <key>created_time</key><integer>1586506604</integer>
  <key>info_sort_dir</key><integer>1</integer>
  <key>order</key><integer>41</integer>
  <key>info_sort</key><string>order</string>
</dict>
</node>
