<?xml version="1.0" encoding="UTF-8"?>
<node>
<version>6</version>
<dict>
  <key>title</key><string>perl reverse shell</string>
  <key>nodeid</key><string>7da01ab5-feb0-43fe-8b06-6f10f646e5bd</string>
  <key>modified_time</key><integer>1602573641</integer>
  <key>version</key><integer>6</integer>
  <key>content_type</key><string>text/xhtml+xml</string>
  <key>created_time</key><integer>1593280612</integer>
  <key>info_sort_dir</key><integer>1</integer>
  <key>order</key><integer>35</integer>
  <key>info_sort</key><string>order</string>
</dict>
</node>
