<?xml version="1.0" encoding="UTF-8"?>
<node>
<version>6</version>
<dict>
  <key>title</key><string>Linux shells</string>
  <key>nodeid</key><string>5a746b24-b20a-45e6-a3ed-bd3bc281c752</string>
  <key>modified_time</key><integer>1602583119</integer>
  <key>version</key><integer>6</integer>
  <key>content_type</key><string>text/xhtml+xml</string>
  <key>created_time</key><integer>1601974302</integer>
  <key>info_sort_dir</key><integer>1</integer>
  <key>order</key><integer>32</integer>
  <key>info_sort</key><string>order</string>
</dict>
</node>
