<?xml version="1.0" encoding="UTF-8"?>
<node>
<version>6</version>
<dict>
  <key>title</key><string>Port forwarding and Tunneling</string>
  <key>nodeid</key><string>4cb29124-d7a4-46c1-9498-6837b77002ec</string>
  <key>modified_time</key><integer>1588081851</integer>
  <key>version</key><integer>6</integer>
  <key>content_type</key><string>text/xhtml+xml</string>
  <key>created_time</key><integer>1588081746</integer>
  <key>info_sort_dir</key><integer>1</integer>
  <key>order</key><integer>36</integer>
  <key>info_sort</key><string>order</string>
</dict>
</node>
