<?xml version="1.0" encoding="UTF-8"?>
<node>
<version>6</version>
<dict>
  <key>title</key><string>msfvenom</string>
  <key>nodeid</key><string>1c1f9932-44ba-4643-a327-55403965acdd</string>
  <key>modified_time</key><integer>1590256088</integer>
  <key>version</key><integer>6</integer>
  <key>content_type</key><string>text/xhtml+xml</string>
  <key>created_time</key><integer>1590256079</integer>
  <key>info_sort_dir</key><integer>1</integer>
  <key>order</key><integer>40</integer>
  <key>info_sort</key><string>order</string>
</dict>
</node>
