<?xml version="1.0" encoding="UTF-8"?>
<node>
<version>6</version>
<dict>
  <key>title</key><string>aspx reverse shell</string>
  <key>nodeid</key><string>ec14ffed-6af8-464c-8c68-b3a68f2c97cc</string>
  <key>modified_time</key><integer>1602357972</integer>
  <key>version</key><integer>6</integer>
  <key>content_type</key><string>text/xhtml+xml</string>
  <key>created_time</key><integer>1602226744</integer>
  <key>info_sort_dir</key><integer>1</integer>
  <key>order</key><integer>34</integer>
  <key>info_sort</key><string>order</string>
</dict>
</node>
