<?xml version="1.0" encoding="UTF-8"?>
<node>
<version>6</version>
<dict>
  <key>title</key><string>Mimikatz</string>
  <key>nodeid</key><string>e0e82c7a-fad0-4ff8-a658-567713475466</string>
  <key>modified_time</key><integer>1590254458</integer>
  <key>version</key><integer>6</integer>
  <key>content_type</key><string>text/xhtml+xml</string>
  <key>created_time</key><integer>1590254374</integer>
  <key>info_sort_dir</key><integer>1</integer>
  <key>order</key><integer>39</integer>
  <key>info_sort</key><string>order</string>
</dict>
</node>
