<?xml version="1.0" encoding="UTF-8"?>
<node>
<version>6</version>
<dict>
  <key>title</key><string>powershell_Reverse Shell</string>
  <key>nodeid</key><string>eeafd01f-d9c9-418d-8a8e-c1656c0ef2e5</string>
  <key>modified_time</key><integer>1602228819</integer>
  <key>version</key><integer>6</integer>
  <key>content_type</key><string>text/xhtml+xml</string>
  <key>created_time</key><integer>1586769052</integer>
  <key>info_sort_dir</key><integer>1</integer>
  <key>order</key><integer>9</integer>
  <key>info_sort</key><string>order</string>
</dict>
</node>
