<?xml version="1.0" encoding="UTF-8"?>
<node>
<version>6</version>
<dict>
  <key>expanded</key><true/>
  <key>title</key><string>windows file transfer cscript</string>
  <key>nodeid</key><string>ba211270-b1de-438b-b085-6ce8549715c5</string>
  <key>modified_time</key><integer>1591643313</integer>
  <key>version</key><integer>6</integer>
  <key>content_type</key><string>text/xhtml+xml</string>
  <key>created_time</key><integer>1587493472</integer>
  <key>info_sort_dir</key><integer>1</integer>
  <key>order</key><integer>28</integer>
  <key>info_sort</key><string>order</string>
</dict>
</node>
