<?xml version="1.0" encoding="UTF-8"?>
<node>
<version>6</version>
<dict>
  <key>title</key><string>Juicy Potato</string>
  <key>nodeid</key><string>914ed740-c269-43c8-acb9-bedb1a8625b6</string>
  <key>modified_time</key><integer>1602358473</integer>
  <key>version</key><integer>6</integer>
  <key>content_type</key><string>text/xhtml+xml</string>
  <key>created_time</key><integer>1602358408</integer>
  <key>info_sort_dir</key><integer>1</integer>
  <key>order</key><integer>30</integer>
  <key>info_sort</key><string>order</string>
</dict>
</node>
