<?xml version="1.0" encoding="UTF-8"?>
<node>
<version>6</version>
<dict>
  <key>title</key><string>Active Directory</string>
  <key>nodeid</key><string>549eaf58-ff94-44fe-a3c9-6a594bd4bca3</string>
  <key>modified_time</key><integer>1589487938</integer>
  <key>version</key><integer>6</integer>
  <key>content_type</key><string>text/xhtml+xml</string>
  <key>created_time</key><integer>1588146454</integer>
  <key>info_sort_dir</key><integer>1</integer>
  <key>order</key><integer>37</integer>
  <key>info_sort</key><string>order</string>
</dict>
</node>
