<?xml version="1.0" encoding="UTF-8"?>
<node>
<version>6</version>
<dict>
  <key>title</key><string>buffer overflow</string>
  <key>nodeid</key><string>12c6ea4b-a3fd-49ec-9a21-28984756ec53</string>
  <key>modified_time</key><integer>1603200106</integer>
  <key>version</key><integer>6</integer>
  <key>content_type</key><string>text/xhtml+xml</string>
  <key>created_time</key><integer>1587216258</integer>
  <key>info_sort_dir</key><integer>1</integer>
  <key>order</key><integer>23</integer>
  <key>info_sort</key><string>order</string>
</dict>
</node>
