<?xml version="1.0" encoding="UTF-8"?>
<node>
<version>6</version>
<dict>
  <key>title</key><string>IKE - UDP Port 500</string>
  <key>nodeid</key><string>c356bef3-6b24-4f55-b1bd-20925b486cb7</string>
  <key>modified_time</key><integer>1602478916</integer>
  <key>version</key><integer>6</integer>
  <key>content_type</key><string>text/xhtml+xml</string>
  <key>created_time</key><integer>1602478714</integer>
  <key>info_sort_dir</key><integer>1</integer>
  <key>order</key><integer>18</integer>
  <key>info_sort</key><string>order</string>
</dict>
</node>
