<?xml version="1.0" encoding="UTF-8"?>
<node>
<version>6</version>
<dict>
  <key>title</key><string>RFI simple</string>
  <key>nodeid</key><string>2d316b7c-ee36-4681-804d-9e6edd7f16c6</string>
  <key>modified_time</key><integer>1602358925</integer>
  <key>version</key><integer>6</integer>
  <key>content_type</key><string>text/xhtml+xml</string>
  <key>created_time</key><integer>1602358778</integer>
  <key>info_sort_dir</key><integer>1</integer>
  <key>order</key><integer>25</integer>
  <key>info_sort</key><string>order</string>
</dict>
</node>
