<?xml version="1.0" encoding="UTF-8"?>
<node>
<version>6</version>
<dict>
  <key>expanded</key><true/>
  <key>title</key><string>macro</string>
  <key>nodeid</key><string>28d86575-4de1-454d-84e2-ea7d1fbce5d4</string>
  <key>modified_time</key><integer>1587065207</integer>
  <key>version</key><integer>6</integer>
  <key>content_type</key><string>text/xhtml+xml</string>
  <key>created_time</key><integer>1587065124</integer>
  <key>info_sort_dir</key><integer>1</integer>
  <key>order</key><integer>20</integer>
  <key>info_sort</key><string>order</string>
</dict>
</node>
