<?xml version="1.0" encoding="UTF-8"?>
<node>
<version>6</version>
<dict>
  <key>title</key><string>Windows PE SELoadDrivers</string>
  <key>nodeid</key><string>5df3eafc-a863-4211-b2a3-8721de960a35</string>
  <key>modified_time</key><integer>1602073605</integer>
  <key>version</key><integer>6</integer>
  <key>content_type</key><string>text/xhtml+xml</string>
  <key>created_time</key><integer>1602073559</integer>
  <key>info_sort_dir</key><integer>1</integer>
  <key>order</key><integer>27</integer>
  <key>info_sort</key><string>order</string>
</dict>
</node>
