<?xml version="1.0" encoding="UTF-8"?>
<node>
<version>6</version>
<dict>
  <key>title</key><string>snmp</string>
  <key>nodeid</key><string>5384bf3f-5fc1-4f17-8499-ddcc9c448d24</string>
  <key>modified_time</key><integer>1602584303</integer>
  <key>version</key><integer>6</integer>
  <key>content_type</key><string>text/xhtml+xml</string>
  <key>created_time</key><integer>1586938601</integer>
  <key>info_sort_dir</key><integer>1</integer>
  <key>order</key><integer>17</integer>
  <key>info_sort</key><string>order</string>
</dict>
</node>
