<?xml version="1.0" encoding="UTF-8"?>
<node>
<version>6</version>
<dict>
  <key>title</key><string>Python Reverse shell</string>
  <key>nodeid</key><string>e0d071dc-bb61-4b08-914a-4f514a4ec8f3</string>
  <key>modified_time</key><integer>1593202440</integer>
  <key>version</key><integer>6</integer>
  <key>content_type</key><string>text/xhtml+xml</string>
  <key>created_time</key><integer>1592937052</integer>
  <key>info_sort_dir</key><integer>1</integer>
  <key>order</key><integer>33</integer>
  <key>info_sort</key><string>order</string>
</dict>
</node>
