<?xml version="1.0" encoding="UTF-8"?>
<node>
<version>6</version>
<dict>
  <key>title</key><string>Mounting NFS</string>
  <key>nodeid</key><string>282af44a-73c6-4700-b70e-ce2a8dde9828</string>
  <key>modified_time</key><integer>1602357781</integer>
  <key>version</key><integer>6</integer>
  <key>content_type</key><string>text/xhtml+xml</string>
  <key>created_time</key><integer>1602357642</integer>
  <key>info_sort_dir</key><integer>1</integer>
  <key>order</key><integer>15</integer>
  <key>info_sort</key><string>order</string>
</dict>
</node>
