<?xml version="1.0" encoding="UTF-8"?>
<node>
<version>6</version>
<dict>
  <key>title</key><string>change UUID &amp; NFS</string>
  <key>nodeid</key><string>2e0edbe9-f0b1-4568-804d-280e4ecb12f9</string>
  <key>modified_time</key><integer>1586934177</integer>
  <key>version</key><integer>6</integer>
  <key>content_type</key><string>text/xhtml+xml</string>
  <key>created_time</key><integer>1586933020</integer>
  <key>info_sort_dir</key><integer>1</integer>
  <key>order</key><integer>13</integer>
  <key>info_sort</key><string>order</string>
</dict>
</node>
