<?xml version="1.0" encoding="UTF-8"?>
<node>
<version>6</version>
<dict>
  <key>title</key><string>upgrade shell</string>
  <key>nodeid</key><string>4e133b61-f2cc-417a-a1e6-03056f091127</string>
  <key>modified_time</key><integer>1587491779</integer>
  <key>version</key><integer>6</integer>
  <key>content_type</key><string>text/xhtml+xml</string>
  <key>created_time</key><integer>1587491767</integer>
  <key>info_sort_dir</key><integer>1</integer>
  <key>order</key><integer>24</integer>
  <key>info_sort</key><string>order</string>
</dict>
</node>
