<?xml version="1.0" encoding="UTF-8"?>
<node>
<version>6</version>
<dict>
  <key>title</key><string>php-reverse shell</string>
  <key>nodeid</key><string>9c00b0e2-9e9a-44c8-807e-7d453482088a</string>
  <key>modified_time</key><integer>1602583600</integer>
  <key>version</key><integer>6</integer>
  <key>content_type</key><string>text/xhtml+xml</string>
  <key>created_time</key><integer>1589836939</integer>
  <key>info_sort_dir</key><integer>1</integer>
  <key>order</key><integer>38</integer>
  <key>info_sort</key><string>order</string>
</dict>
</node>
